video_id,page_number,charts_number,example_num,term_id,sequence,real_duration,mean_duration_watched_all,std_duration_watched_all,std_duration,num_finished,num_watched,mean_times,max_times,num_watched_all,watched_area1,watched_area2,watched_area3,time_spent_ratio,emotion,emotion_change,speed,stt_accuracy,stt_low_accuracy_ratio,animation,hand_writing,example,charts,highlight,flag,radio,ratio_change,word_count
00df086c041d479a89e8b48cdf545f9f,5,0,0,COMP107x_2016T1,23,284.43,308.293,158.892,172.865,1538,1867,1.14989,14,1421,"[(0, 10), (31, 40)]","[(0.63, 1.801), (2.0, 2.22581)]",None,0.0668003,0.0,0.0,0.0,0.953816,0.178388,"43,8533:(823,823)(1035,1037)(1047,1047)(2517,2517)(2541,2541)(4021,4035)(4824,4824)(4829,4829)(5891,5891)(5925,5925)(6044,6044)(6095,6095)(6167,6167)(6212,6212)(6344,6344)(6366,6366)(7985,7995)","1067,8533:(806,809)(1244,1249)(1257,1262)(1265,1284)(1298,1311)(1433,1438)(1444,1449)(1454,1456)(1459,1470)(1473,1476)(1482,1489)(1500,1521)(1524,1534)(1556,1564)(1587,1589)(1599,1605)(1617,1623)(1630,1634)(1665,1670)(1685,1689)(1699,1702)(1745,1747)(1751,1753)(1793,1795)(1798,1803)(1811,1816)(1846,1855)(1858,1872)(1882,1888)(1899,1903)(1909,1921)(1932,1939)(1944,1950)(1966,1970)(1983,1989)(1997,2000)(2004,2014)(2020,2036)(2039,2041)(2046,2048)(2129,2141)(2196,2201)(2531,2538)(2543,2551)(4017,4019)(4036,4038)(4815,4822)(4918,4920)(4931,4935)(4942,4947)(4958,4965)(4968,4978)(4987,4991)(5002,5017)(5026,5030)(5038,5041)(5068,5073)(5076,5078)(5082,5087)(5092,5094)(5105,5111)(5158,5166)(5263,5268)(5276,5282)(5288,5293)(5329,5331)(5338,5340)(5347,5349)(5393,5398)(5408,5424)(5428,5440)(5449,5451)(5457,5459)(5462,5472)(5481,5485)(5488,5512)(5516,5519)(5544,5548)(5558,5560)(5608,5610)(5814,5818)(5832,5837)(5851,5857)(5863,5866)(5896,5898)(5901,5923)(5926,6042)(6045,6093)(6096,6165)(6168,6210)(6213,6342)(6345,6364)(6367,6371)(7981,7983)(7996,8000)",0,,,0,0.155172413793,0.0172413793103,581
02128fae2a4f4fb085f04e6ff98f9f28,6,2,1,COMP107x_2016T1,14,237.97,278.011,146.13,157.815,2328,2975,1.18981,10,2160,"[(0, 201)]","[(0.01628, 101.63088), (101.63354, 101.642), (102.0, 102.22021)]",None,0.844644,0.0,0.0,0.0,0.950837,0.162376,"99,7140:(25,37)(90,91)(481,482)(513,521)(1517,1528)(1570,1571)(2479,2480)(2510,2525)(4399,4417)(5880,5897)(5922,5923)(7110,7111)","23,7140:(21,23)(508,511)(522,526)(1511,1515)(2526,2528)(5898,5900)",0,,,0,0.254901960784,0.176470588235,498
0818626dedc44f839ae1a881ee87fc01,7,3,0,COMP107x_2016T1,27,403.33,410.579,139.431,181.522,993,1308,1.02293,6,916,[],"[(1.01, 1.15), (1.15808, 1.16816), (1.22, 1.22762), (1.26607, 1.267), (1.267, 1.30052), (1.41639, 1.433), (1.54881, 1.56394), (1.62079, 1.66695)]",None,0.0,0.0,0.0,0.0,0.955122,0.16118,"155,12101:(1734,1744)(3804,3821)(4535,4541)(5594,5594)(5600,5602)(5606,5625)(5952,5952)(5962,5964)(5970,5970)(5973,5975)(7042,7055)(7076,7084)(9348,9350)(9353,9359)(9384,9391)(9586,9586)(9597,9597)(9934,9954)(10020,10034)(11474,11481)","334,12101:(15,24)(4542,4548)(5589,5592)(5596,5598)(5869,5875)(5880,5885)(5890,5903)(5914,5922)(5983,5986)(6428,6434)(6437,6445)(6448,6464)(6498,6509)(6513,6519)(6524,6536)(6543,6563)(6566,6570)(6573,6580)(6591,6599)(6604,6614)(6617,6636)(6648,6661)(6674,6680)(6684,6689)(6701,6704)(7070,7074)(7085,7089)(9523,9529)(9533,9539)(9553,9560)(9567,9571)(9576,9578)(9582,9584)(9591,9594)(9598,9605)(9613,9618)(9625,9632)(9658,9674)(9681,9686)(9901,9904)(10035,10038)",0,,,0,0.0744680851064,0.0851063829787,835
18a18a55c26942d792febea0221d6a40,4,0,0,COMP107x_2016T1,29,192.6,198.917,80.6864,97.345,975,1216,1.05683,5,915,[],[],None,0.0,0.0,0.0,0.0,0.949588,0.18591,"49,5778:(414,425)(3083,3100)(5063,5081)","4,5778:(426,429)",0,,,0,0.163265306122,0.163265306122,487
47fd1d549767462bbf8bc9c6aa42b18b,6,0,0,COMP107x_2016T1,37,335.1,324.948,84.2492,132.9,652,870,1.00791,3,632,[],[],None,0.0,0.0,0.0,0.0,0.963021,0.126918,"75,10053:(383,397)(2195,2211)(5948,5959)(6901,6914)(9493,9508)(9511,9511)","0,10053:",0,,,0,0.180555555556,0.222222222222,675
5d053229c06f4159b43727763e1eaaa6,7,1,1,COMP107x_2016T1,45,469.53,447.349,113.452,182.425,609,803,0.966159,3,591,[],[],None,0.0,0.0,0.0,0.0,0.954883,0.167965,"102,14087:(13,17)(495,495)(500,500)(5996,6009)(7348,7348)(7351,7368)(8636,8654)(11656,11673)(13475,13494)(14070,14074)","13,14087:(484,493)(496,498)",0,,,0,0.108108108108,0.0900900900901,1076
5fca32dbfeb342658cb0fc5f509d493d,5,1,1,COMP107x_2016T1,9,328.43,368.554,147.715,180.282,3032,4253,1.07603,8,2828,"[(0, 147), (163, 250)]","[(0.00061, 143.661), (144.0, 144.40819), (145.0338, 145.06625), (145.221, 145.22768), (145.24, 145.3301), (146.0, 146.44314), (147.01363, 147.1), (147.12589, 147.22), (150.0, 150.21351), (150.28485, 150.29617), (151.0, 151.061), (151.095, 151.12), (151.13333, 151.179), (178.0, 178.225), (179.0, 179.378), (179.46, 179.47337), (180.0, 180.44306), (181.0, 181.267), (181.3, 181.3), (181.33, 220.82462), (220.85114, 220.866), (221.0, 221.5599), (221.64, 221.667), (222.0, 222.3), (222.5, 222.66), (223.0, 223.16288), (224.0, 224.12937), (224.14635, 224.20577), (224.21271, 224.21436), (224.22473, 224.22996), (224.32871, 224.3965), (225.0, 225.9425), (225.96, 225.96885), (226.0, 227.92683), (227.957, 227.96971), (227.97702, 241.82341), (241.94063, 241.94844), (242.0, 242.54), (243.0, 243.039), (244.00092, 244.07642), (244.09, 244.11079), (244.11747, 244.13422)]",None,0.712481,0.0,0.0,0.0,0.946866,0.189306,"65,9853:(25,25)(500,500)(503,512)(1386,1390)(1749,1754)(2106,2106)(2208,2208)(2371,2371)(2619,2619)(3045,3054)(5833,5833)(5968,5968)(6347,6348)(6381,6381)(6596,6596)(6933,6933)(6986,6987)(6992,6992)(7038,7039)(7316,7318)(7412,7416)(9233,9240)","827,9853:(513,517)(1396,1408)(1411,1426)(1479,1492)(1549,1552)(1556,1562)(1566,1571)(1574,1577)(1582,1587)(1596,1602)(1611,1617)(1712,1722)(2013,2019)(2055,2063)(2081,2086)(2089,2104)(2204,2206)(2209,2214)(2217,2227)(2234,2237)(2358,2369)(2372,2383)(3041,3043)(3539,3543)(3558,3560)(3565,3571)(3581,3585)(3597,3601)(3621,3626)(3634,3638)(3675,3681)(3794,3799)(3868,3871)(3887,3891)(3963,3965)(3987,3994)(4003,4006)(4019,4021)(4728,4731)(4736,4740)(4773,4775)(4796,4809)(4819,4833)(4845,4848)(4873,4880)(4890,4899)(5042,5044)(5070,5074)(5205,5209)(5366,5368)(5396,5399)(5509,5514)(5541,5549)(5557,5565)(5577,5579)(5593,5599)(5728,5731)(5739,5741)(5757,5763)(5771,5773)(5874,5878)(5887,5892)(5956,5958)(5975,5982)(5993,6000)(6007,6012)(6025,6028)(6076,6081)(6093,6095)(6110,6115)(6125,6130)(6158,6162)(6251,6256)(6265,6269)(6279,6281)(6289,6293)(6300,6307)(6326,6330)(6338,6345)(6359,6361)(6369,6371)(6382,6385)(6389,6392)(6400,6407)(6413,6415)(6427,6432)(6463,6476)(6674,6681)(6684,6692)(6713,6719)(6727,6731)(6747,6759)(6799,6820)(6824,6829)(6832,6839)(6849,6854)(6872,6876)(6882,6903)(6926,6931)(6934,6948)(6955,6974)(7016,7020)(7023,7028)(7048,7053)(7058,7063)(7077,7083)(7103,7107)(7117,7122)(7126,7131)(7144,7152)(7200,7209)(7237,7244)(7247,7252)(7261,7283)(7286,7289)(7298,7306)(7322,7324)(7397,7399)(9241,9243)",0,,,0,0.402777777778,0.138888888889,676
703f18b4db924192bb45e60a4fd5f4e8,7,1,0,COMP107x_2016T1,11,593.34,607.511,187.6,272.895,2369,3308,1.01719,5,2152,"[(95, 118)]","[(0.001, 153.93699), (153.96, 153.98159), (154.0, 154.56728), (154.75459, 154.818), (156.04, 156.04), (156.04, 156.51579), (157.0, 157.1685), (158.0, 158.08648), (158.1959, 158.2), (158.20019, 158.36667), (159.0, 159.10914), (160.962, 161.2), (161.2, 161.2), (161.23298, 161.2339), (162.0, 162.2), (162.23333, 162.281), (162.31, 162.33827), (162.33875, 162.36146), (162.39541, 162.3998), (162.44581, 162.49775), (162.52, 162.55727), (162.55996, 162.781), (163.0, 163.03), (163.07012, 163.1124), (163.15309, 163.1875), (163.193, 163.38549), (164.0, 164.533), (165.41, 165.447), (167.0, 167.418), (167.45975, 167.46), (168.0, 168.02053), (176.0, 176.157), (197.86, 197.90515), (197.92474, 198.78743), (198.8, 198.841), (199.0, 199.88487), (199.96206, 199.965), (200.0, 200.74), (201.0, 201.0), (201.0, 201.07731), (201.07868, 201.08562), (201.101, 201.34617), (202.08343, 202.09179), (202.12, 202.13181), (203.3, 203.5), (203.524, 203.77956), (204.0, 204.60317), (205.0, 205.36), (210.0, 210.00588), (210.01723, 210.48731), (210.48731, 210.51836), (210.56, 210.76586), (211.0, 211.377), (212.0, 212.26125), (212.28, 212.282), (212.55266, 212.58625), (212.64098, 212.654), (212.68, 212.71451), (215.08, 215.30888), (215.32, 215.42761), (215.64589, 215.66524), (216.0, 216.13469), (216.13651, 216.17186), (216.18, 216.19316), (216.1932, 216.2344), (216.4, 216.40262), (216.48795, 216.51822)]",None,0.0387636,0.0,0.0,0.0,0.956472,0.159773,"109,17801:(569,569)(572,580)(583,584)(2062,2077)(2080,2080)(2963,2969)(2974,2980)(3653,3659)(3667,3669)(4852,4852)(5559,5559)(5915,5917)(5921,5923)(5926,5928)(5931,5931)(5934,5936)(15944,15954)(15957,15957)(15960,15960)(15990,15990)(16020,16021)(16733,16735)(16978,16992)(16995,16996)(17772,17776)","572,17801:(46,48)(3428,3431)(3734,3736)(3774,3781)(3789,3794)(3800,3819)(3822,3833)(3838,3850)(3857,3864)(3871,3874)(3980,3985)(3988,3990)(4075,4081)(4091,4098)(4107,4110)(4116,4122)(4131,4137)(4232,4237)(4248,4252)(4270,4276)(4314,4321)(4333,4336)(4347,4350)(4461,4466)(4618,4623)(4674,4705)(4708,4734)(4744,4748)(4826,4831)(4837,4842)(4890,4897)(4902,4915)(4918,4920)(4927,4936)(4940,4948)(4965,4973)(4981,4986)(4994,5000)(5005,5011)(5054,5064)(5069,5072)(5102,5124)(5131,5139)(5146,5153)(5160,5167)(5205,5216)(5219,5224)(5229,5241)(5248,5253)(5256,5269)(5284,5286)(5294,5297)(15842,15847)(15881,15885)(16078,16085)(16100,16104)(16140,16142)(16170,16175)(16188,16190)(16213,16217)(16225,16230)(16247,16257)(16265,16268)(16273,16275)(16409,16423)(16429,16434)(16470,16472)(16620,16623)(16647,16651)(16687,16691)(16694,16696)(16711,16715)(16745,16748)(16762,16770)(16773,16778)(16815,16817)",0,,,1,0.904,0.088,1171
77b6cebba0f74e52859ab89c43effd6f,6,4,1,COMP107x_2016T1,6,469.57,531.597,211.202,253.954,4563,5978,1.11706,9,4092,"[(1, 73), (88, 286), (309, 370), (408, 423)]","[(0.00167, 270.8556), (271.0, 271.4915), (328.0, 328.093), (328.27969, 328.3), (328.32, 328.341), (328.37, 328.44661), (329.0, 329.258), (329.261, 329.34358), (330.0, 330.0), (330.0, 330.101), (330.16778, 330.22625), (330.23331, 330.25237), (330.26552, 330.28698), (331.02, 331.06127), (331.07985, 331.10145), (331.10766, 331.148), (331.72, 333.8619), (334.0, 334.35467), (334.355, 334.361), (335.0, 335.042), (335.21, 335.379), (336.0, 336.17859), (345.0, 345.45385), (347.0, 347.23291), (348.0, 348.13702), (348.14, 348.14919), (348.19942, 348.2), (348.41, 349.44082), (349.4615, 349.49446), (349.50036, 349.51865), (349.54, 349.56), (350.0, 350.015), (351.0, 351.24), (351.26, 351.43427)]",None,0.736844,0.0,0.0,0.0,0.953441,0.180773,"120,14088:(4,31)(627,627)(632,643)(3279,3279)(4148,4149)(4167,4172)(4188,4190)(4760,4760)(4987,4989)(4995,4995)(5224,5224)(5269,5269)(5420,5420)(5819,5824)(5827,5827)(8247,8262)(8266,8266)(9918,9919)(9922,9922)(9929,9938)(10366,10366)(10625,10625)(11434,11439)(11444,11444)(11584,11584)(11587,11587)(12460,12461)(12464,12466)(14058,14060)(14083,14085)","118,14088:(628,630)(3273,3276)(3652,3678)(3703,3707)(4005,4014)(4018,4021)(4181,4183)(4216,4218)(9925,9927)(9939,9941)(11504,11506)(11512,11516)(11595,11597)(11615,11632)(11646,11649)(11661,11665)(11668,11672)(11683,11685)(11692,11694)(11698,11701)",0,,,1,0.816326530612,0.183673469388,928
80ad9ed98a3a4a28a303307d2308c242,4,1,1,COMP107x_2016T1,43,291.03,286.18,91.2733,118.425,774,910,1.05817,6,722,[],[],None,0.0,0.0,0.0,0.0,0.950528,0.18661,"46,8731:(169,183)(3445,3461)(7757,7757)(7761,7773)","3,8731:(3462,3464)",0,,,0,0.046875,0.046875,677
868b783fe8c34cceac01815421989d82,10,0,3,COMP107x_2016T1,47,546.87,544.378,192.158,254.78,546,764,1.012,6,500,[],"[(0.00092, 3.82), (4.0, 4.46913), (4.47, 4.521), (85.51, 88.56529), (88.75, 88.83267), (89.0, 92.89796), (92.97, 95.561), (95.67638, 95.8), (96.0, 96.0653), (96.82, 99.8), (99.81, 101.21625), (101.249, 101.38), (101.43291, 104.8), (105.0, 105.46), (105.52293, 105.53302), (114.71, 116.4843), (119.0, 119.265), (119.49177, 119.86327), (119.99481, 120.09065), (120.14392, 121.67472), (121.74011, 122.42278), (122.60216, 122.61469), (123.16791, 123.34), (123.41169, 123.61236), (123.62, 123.667), (124.0, 129.61879), (129.69, 129.70797)]",None,0.0,0.0,0.0,0.0,0.952266,0.166667,"119,16407:(221,227)(3778,3796)(5253,5270)(7020,7027)(7871,7885)(10248,10248)(10251,10265)(10966,10966)(11075,11075)(11184,11184)(11617,11617)(11808,11808)(11959,11959)(12102,12113)(12372,12372)(12523,12523)(15702,15717)","27,16407:(214,219)(228,230)(2452,2455)(7015,7018)(7028,7030)(10266,10269)(12114,12116)",0,,,0,0.115384615385,0.115384615385,1198
95e1fe39195d40029db3339b9545cd93,7,5,0,COMP107x_2016T1,2,375.68,418.286,172.454,215.091,6836,9361,1.11395,12,6231,"[(0, 79)]","[(0.0, 65.96382), (66.0, 66.9215), (66.97, 67.875), (68.0, 68.378), (68.381, 68.398), (68.433, 68.433), (68.44, 68.48), (69.0, 69.16775), (69.17079, 69.181), (69.18134, 69.24), (70.0, 70.299), (73.0, 73.134), (77.12, 77.30571), (77.36117, 77.38254), (77.39224, 77.4), (77.40927, 77.461)]",None,0.210285,0.0,0.0,0.0,0.95283,0.189189,"150,11271:(15,15)(45,47)(140,141)(146,161)(586,586)(589,589)(598,598)(602,602)(921,921)(925,925)(936,936)(1485,1486)(1489,1490)(1498,1498)(2290,2290)(2293,2293)(2296,2309)(2461,2462)(2682,2682)(3002,3002)(3279,3279)(3638,3638)(4206,4206)(4856,4858)(5206,5208)(5227,5228)(5265,5280)(6021,6021)(6615,6616)(6623,6631)(6634,6634)(6637,6637)(6836,6836)(7198,7206)(7831,7841)(8739,8739)(8854,8862)(9489,9489)(9702,9702)(9706,9706)(10193,10193)(10287,10287)(10653,10669)(11250,11250)(11256,11256)","12,11271:(6617,6619)(9707,9715)",0,,,0,0.253012048193,0.228915662651,736
ae99d64b267c4f179769a9e87f980e0b,5,0,1,COMP107x_2016T1,25,312.03,331.821,135.615,161.648,1128,1434,1.08247,8,1067,"[(51, 55), (87, 95), (154, 167)]","[(21.17419, 21.17625), (27.0, 27.0), (27.0, 27.06127), (27.55, 28.17163), (28.23431, 28.30501), (28.30994, 28.4337), (28.475, 28.50282), (28.55192, 28.57), (28.64112, 28.67303), (28.69, 28.76696), (28.77673, 28.83761), (28.88444, 30.59736), (30.59741, 30.99625)]",None,0.0801205,0.0,0.0,0.0,0.95124,0.178674,"49,9362:(36,38)(588,601)(2743,2761)(8054,8066)","3,9362:(8050,8052)",0,,,0,0.0714285714286,0.0714285714286,676
b10b0eac862f4f89beab908c4b1d358a,5,0,0,COMP107x_2016T1,35,274.86,281.608,92.1731,122.653,741,950,1.03879,5,696,"[(27, 36)]","[(15.96, 15.97193), (15.97492, 18.72833), (18.77284, 18.97), (19.09, 19.13896), (19.25318, 19.27), (20.00061, 20.05385), (22.0, 22.1658), (22.166, 22.31135), (22.31946, 22.339), (22.55183, 22.58972), (23.0, 49.23732), (49.4, 49.49245), (53.0, 53.037), (53.13, 53.30967), (54.0, 54.123), (54.16, 56.49282), (56.50158, 56.52799), (58.09, 58.4), (58.4, 58.43593), (58.50732, 58.816), (59.0, 61.27585), (61.31184, 61.33798), (62.09, 62.42625), (63.08708, 63.50593), (63.6, 63.682), (64.0, 64.23741), (64.30317, 64.43072), (65.0, 65.161), (65.19991, 65.32011), (65.70278, 65.70821), (66.24, 66.61478), (66.66176, 66.84275), (67.0, 67.14899), (68.0, 69.5), (69.57556, 69.77), (70.0, 70.04591), (70.1, 70.1183), (70.23761, 70.30125), (70.60088, 70.641), (71.0, 71.06759), (71.5, 71.86298), (71.88155, 72.37672)]",None,0.0327439,0.0,0.0,0.0,0.94827,0.1849,"58,8246:(474,476)(2077,2095)(4372,4388)(6964,6982)","16,8246:(465,472)(477,481)(4389,4391)",0,,,0,0.125,0.0625,623
ba35454baa764a52bcbdb22e29677fcf,6,4,3,COMP107x_2016T1,16,306.0,326.428,155.103,171.378,1877,2292,1.0902,17,1796,[],[],None,0.0,0.0,0.0,0.0,0.95681,0.164425,"75,9181:(25,35)(385,387)(1988,2000)(3693,3705)(4046,4046)(4272,4272)(4520,4520)(4685,4685)(5168,5180)(8137,8154)","30,9181:(20,23)(36,38)(374,383)(388,390)(1983,1986)(3689,3691)(3706,3708)",0,,,0,0.430769230769,0.323076923077,644
d33590f09c184840ab8a92f45f0654a1,7,3,1,COMP107x_2016T1,19,925.27,926.9,255.965,385.558,1408,1947,0.981693,5,1311,[],"[(0.10281, 54.97048), (55.0, 55.59779), (56.14435, 56.20656), (57.0842, 57.13165), (57.13165, 57.14815), (60.0, 60.39858), (60.39875, 60.56478), (60.58, 60.658), (61.0, 61.6), (61.66, 61.66865), (62.0, 62.64), (63.0, 63.12099), (64.0, 107.07214), (107.07214, 107.08007), (110.00869, 110.01181), (110.06, 110.081), (110.10755, 110.19104), (110.421, 110.4941), (266.0, 266.24), (266.30418, 266.34731), (266.52, 266.53387), (266.63029, 266.66158), (267.45, 313.9449), (314.0, 314.041)]",None,0.0,0.0,0.0,0.0,0.956081,0.158673,"116,27758:(18,29)(424,438)(2220,2235)(5075,5088)(6540,6540)(7665,7665)(8104,8104)(8338,8338)(8689,8689)(9121,9121)(9126,9126)(10215,10215)(10474,10474)(11251,11251)(11690,11690)(11697,11697)(12653,12655)(12659,12664)(18506,18506)(19172,19172)(19799,19799)(22664,22680)(26678,26695)","17,27758:(14,16)(30,32)(418,422)(2236,2238)(12665,12667)",0,,,1,0.633187772926,0.288209606987,2139
d5e5e1b26d1243e6a8eb85233e4bddcb,5,1,0,COMP107x_2016T1,39,299.08,293.408,99.9649,132.732,752,934,1.04225,5,710,[],[],None,0.0,0.0,0.0,0.0,0.956944,0.14497,"66,8972:(617,631)(3581,3581)(3584,3600)(6471,6488)(8063,8063)(8111,8113)(8173,8183)","4,8972:(8097,8100)",0,,,0,0.197183098592,0.140845070423,658
ec59ac19dda44ced8cacdddc495dabf6,4,0,0,COMP107x_2016T1,33,299.73,307.19,119.221,145.621,952,1181,1.09444,6,900,[],"[(1.0, 2.97857), (3.0, 3.60293), (3.74, 3.921), (3.97998, 4.32), (4.32408, 4.338), (5.0, 5.15881), (5.34, 5.40125), (5.43337, 5.4683), (5.48, 5.5375), (5.5375, 5.55271), (8.03397, 8.06749)]",None,0.0,0.0,0.0,0.0,0.952288,0.184588,"52,8992:(701,715)(3862,3876)(6358,6367)(6565,6565)(6746,6746)(6959,6959)(7004,7004)(7719,7719)(7811,7811)(7917,7917)(8407,8411)","1646,8992:(3877,3880)(6354,6356)(6368,6408)(6411,6563)(6566,6657)(6660,6744)(6747,6957)(6960,7002)(7005,7443)(7446,7531)(7534,7717)(7720,7809)(7812,7915)(7918,8028)",0,,,0,0.236363636364,0.145454545455,548
f93085d4873f4b29b5388e4bf0a8c5ad,5,1,0,COMP107x_2016T1,41,320.73,326.196,113.913,146.586,951,1151,1.06201,4,887,[],[],None,0.0,0.0,0.0,0.0,0.952911,0.191959,-1,,0,,,0,0.186666666667,0.146666666667,760
62d8d86a03a94d39b90bfd9ea4c2dd68,4,1,1,COMP102_1x,2,183.48,193.4,53.5914,79.0194,12513,14912,1.14716,13,11199,[],[],None,0.0,0.0,0.0,0.0,0.952998,0.183716,"7,4588:(47,47)(1200,1200)(1690,1690)(2787,2787)(3213,3213)(3770,3770)(4295,4295)","0,4588:",0,,,0,0.228571428571,0.0571428571429,483
924575c8e9cb4d519480aa7746f041f0,1,1,1,COMP102_1x,3,77.37,81.3261,22.6756,30.169,11584,12852,1.09448,9,10806,[],[],None,0.0,0.0,0.0,0.0,0.947934,0.19209,"2,1935:(231,231)(528,528)","0,1935:",0,,,1,0.769230769231,0.153846153846,179
b3fda93c4a834941833938476bb523a4,3,0,1,COMP102_1x,4,382.08,397.814,110.776,166.252,9505,11695,1.15839,43,8643,[],[],None,0.0,0.0,0.0,0.0,0.954228,0.185766,"10,9553:(58,58)(2065,2065)(3234,3234)(3676,3676)(4124,4124)(4242,4242)(7474,7474)(7571,7571)(7994,7994)(8412,8412)","0,9553:",0,,,1,0.59375,0.109375,839
14b3d3f3a4ed4717a57f0a5e48bde2e2,11,9,3,COMP102_1x,6,424.79,446.121,152.309,217.517,10265,16358,1.11222,80,8742,[],"[(0.0, 127.919), (128.0, 128.98755), (129.0, 129.306), (129.31183, 129.31859), (130.0, 130.12462), (130.12667, 130.13399), (130.14059, 130.159), (130.15946, 130.16898), (130.26, 130.26), (130.26122, 130.26458), (130.5, 134.87089), (135.0, 135.441), (136.0, 137.992), (138.0, 138.421)]",None,0.0,0.0,0.0,0.0,0.949858,0.180952,"23,10620:(15,15)(267,267)(2219,2219)(2665,2665)(2796,2796)(2867,2867)(3026,3026)(3266,3266)(3595,3595)(3856,3856)(3870,3870)(4011,4011)(4297,4297)(4750,4750)(4980,4980)(5047,5047)(5151,5151)(5260,5260)(5426,5426)(5684,5684)(6175,6175)(6386,6386)(7153,7153)","0,10620:",0,,,1,0.661538461538,0.323076923077,947
38aa62c9e953448c9c19d4fbc812aee9,7,5,2,COMP102_1x,7,295.38,315.896,105.307,150.768,10331,14543,1.12786,203,9135,[],"[(0.0, 27.762), (27.775, 27.781), (27.8, 27.801), (27.84, 27.858), (27.86662, 27.88506), (27.886, 27.9), (27.901, 27.918), (28.0, 28.42144), (28.42444, 28.4373)]",None,0.0,0.0,0.0,0.0,0.953256,0.160326,"14,7385:(2144,2144)(2300,2300)(3222,3222)(4692,4692)(5265,5265)(5425,5425)(5434,5435)(5657,5658)(5767,5768)(5885,5886)","0,7385:",0,,,1,0.7,0.22,731
6671babac9f14ca7b1b77bbc521d5e9a,4,0,1,COMP102_1x,8,424.58,431.829,134.087,201.101,6042,8147,1.06561,9,5380,[],"[(0.01758, 7.71628)]",None,0.0,0.0,0.0,0.0,0.951604,0.17734,"7,10615:(1309,1309)(2191,2191)(2720,2720)(3291,3291)(4746,4746)(6598,6598)(6899,6899)","0,10615:",0,,,1,0.953846153846,0.0461538461538,1029
52bc5a4bca5b484f9cdcd7fe25ca53ef,3,1,0,COMP102_1x,9,513.72,524.677,147.11,223.475,6143,7633,1.06396,9,5394,[],"[(0.1214, 1.6885), (1.7, 1.7013), (2.0, 2.19687), (2.19842, 2.2), (2.2, 2.201), (2.21546, 2.241), (2.25, 2.25315), (2.25583, 2.264)]",None,0.0,0.0,0.0,0.0,0.952922,0.185609,"15,12844:(346,346)(969,969)(2129,2129)(2497,2497)(2854,2854)(3279,3279)(3660,3660)(5266,5266)(5730,5730)(6436,6436)(7790,7790)(8169,8169)(8973,8973)(10107,10107)(11127,11127)","0,12844:",0,,,1,0.65,0.1875,1217
4b078470e65346ac916e7064b4642054,4,1,2,COMP102_1x,10,509.52,530.457,163.807,257.408,8001,13010,1.06065,6,6942,[],"[(0.0, 95.85034), (96.0, 96.661), (97.0, 97.37523), (98.0, 98.07723), (98.08127, 98.08888), (99.0, 99.00718), (99.3, 99.93449), (100.0, 100.45893), (101.0, 101.157), (103.30067, 103.32), (103.32, 103.341), (103.35168, 103.35838)]",None,0.0,0.0,0.0,0.0,0.955825,0.168363,"18,12739:(379,379)(1355,1355)(2034,2034)(2297,2297)(2988,2988)(3731,3731)(4081,4081)(4493,4493)(4922,4922)(5443,5443)(6088,6088)(6500,6500)(7090,7090)(8151,8151)(9370,9370)(10560,10560)(12375,12375)(12480,12480)","0,12739:",0,,,1,0.833333333333,0.166666666667,1262
34fa085d32834ea680d3f15267feeb05,5,4,1,COMP102_1x,11,278.64,283.57,83.2038,121.391,6934,8580,1.06525,9,6314,[],[],None,0.0,0.0,0.0,0.0,0.953539,0.166667,"114,6967:(16,16)(336,336)(611,611)(834,834)(1056,1056)(1545,1545)(1667,1667)(1976,1976)(1985,2008)(2198,2198)(2225,2225)(2285,2285)(2304,2304)(2320,2320)(2331,2331)(2350,2350)(2369,2369)(2387,2387)(2405,2405)(2425,2425)(2443,2443)(2462,2462)(2482,2482)(2485,2485)(2490,2490)(2509,2509)(2527,2527)(2546,2546)(2565,2565)(2584,2584)(2603,2603)(2622,2622)(2640,2640)(2659,2659)(2678,2678)(2696,2696)(2715,2715)(2735,2735)(2752,2752)(2772,2772)(2790,2790)(2809,2809)(2826,2826)(2844,2844)(2863,2863)(2881,2881)(2900,2900)(2919,2919)(2937,2937)(2955,2955)(2975,2975)(2993,2993)(3012,3012)(3031,3031)(3050,3050)(3069,3069)(3087,3087)(3105,3105)(3125,3125)(3145,3145)(3163,3163)(3181,3181)(3200,3200)(3214,3214)(3230,3230)(3247,3247)(3266,3266)(3285,3285)(3304,3304)(3317,3317)(3335,3335)(3355,3355)(3373,3373)(3391,3391)(3410,3411)(3423,3423)(3441,3441)(3460,3460)(3479,3479)(3498,3498)(3516,3516)(3535,3535)(3541,3541)(3809,3809)(5588,5588)(5750,5750)(6500,6500)(6539,6539)(6750,6750)(6875,6875)","274,6967:(3779,3798)(4190,4204)(4280,4282)(4285,4294)(4420,4432)(4662,4726)(5561,5576)(5728,5733)(5746,5748)(5751,5755)(5784,5788)(5825,5831)(5865,5870)(5874,5876)(5989,6001)(6048,6062)(6203,6226)(6386,6390)(6393,6413)(6455,6462)(6467,6477)",0,,,1,0.833333333333,0.111111111111,633
a08315fc6cf94115a87cf54eea25f8f4,8,8,0,COMP102_1x,12,449.45,473.696,157.388,207.473,7176,8786,1.14983,19,5920,"[(333, 428), (432, 436)]","[(0.01752, 4.9006), (5.0, 5.18179), (5.2625, 5.278), (5.28242, 5.29498), (5.3, 5.66812), (334.3, 334.50079), (335.0, 391.53822), (404.3, 417.88281), (417.88281, 417.88828), (417.9, 417.99875), (418.0, 418.726), (419.0, 419.0), (419.0, 448.929), (448.92947, 448.93091)]",None,0.220269,0.0,0.0,0.0,0.943152,0.199559,"144,11237:(13,13)(125,126)(250,251)(375,376)(500,501)(625,626)(750,751)(875,876)(1000,1001)(1063,1063)(1125,1126)(1250,1251)(1263,1263)(1375,1376)(1500,1501)(1513,1513)(1625,1626)(1750,1751)(1875,1876)(2000,2001)(2316,2316)(2379,2379)(2425,2425)(2465,2465)(2786,2786)(3703,3703)(3729,3729)(3751,3751)(3771,3771)(3871,3871)(3910,3910)(3934,3934)(3957,3957)(3975,3975)(3985,3985)(4656,4656)(4706,4706)(4719,4719)(4731,4731)(4744,4744)(4756,4756)(4769,4769)(4781,4781)(4794,4794)(4806,4806)(4831,4831)(4844,4844)(4856,4856)(4869,4869)(4882,4882)(4894,4894)(4906,4906)(4931,4931)(4944,4944)(4956,4956)(4970,4970)(4982,4982)(4995,4995)(5007,5007)(5020,5020)(5045,5045)(5057,5057)(5070,5070)(5082,5082)(5095,5095)(5107,5107)(5120,5120)(5145,5145)(5157,5157)(5170,5170)(5183,5183)(5195,5195)(5208,5208)(5220,5220)(5233,5233)(5258,5258)(5270,5270)(5283,5283)(5295,5295)(5309,5309)(5321,5321)(5333,5333)(5359,5359)(5371,5371)(5384,5384)(5396,5396)(5409,5409)(5422,5422)(5434,5434)(5446,5446)(5472,5472)(5485,5485)(5497,5497)(5510,5510)(5522,5522)(5535,5535)(5547,5547)(5645,5645)(5650,5650)(5659,5660)(5663,5665)(5671,5671)(5679,5679)(6977,6977)(7140,7140)(7203,7203)(8741,8741)(9367,9367)(10699,10699)(10750,10751)(10754,10755)(10875,10876)(10879,10880)(11000,11001)(11004,11005)(11125,11126)(11129,11130)","2346,11237:(2788,2892)(2895,2972)(2975,3347)(3350,3402)(3405,3534)(4303,4316)(4922,4929)(4932,4942)(4951,4954)(4957,4962)(4971,4978)(5003,5005)(5008,5011)(5250,5256)(5385,5388)(5589,5610)(5625,5630)(5633,5635)(5641,5643)(5646,5648)(5651,5657)(5666,5669)(5672,5677)(5692,5697)(5755,5758)(5773,5776)(5909,5913)(7630,8375)(9712,9731)(9734,9802)(9805,9816)(9819,9856)(9859,9896)(9899,9927)(9930,9962)(9965,9977)(9980,10175)(10178,10270)(10274,10301)(10304,10326)(10329,10352)(10355,10457)",0,,,0,0.340425531915,0.170212765957,890
4a2f0738f6074e8a887911b6df66bf1c,2,2,0,COMP102_1x,13,84.15,90.3464,30.5828,37.2228,6275,6953,1.13014,70,5886,[],[],None,0.0,0.0,0.0,0.0,0.955826,0.168269,"4,2104:(435,435)(570,570)(940,940)(1892,1892)","15,2104:(250,252)(500,502)(510,512)(625,627)(750,752)",0,,,1,1.0,0.0,194
bdff0479f7de44c599fdef74eda74f1b,1,1,0,COMP102_1x,14,258.41,308.771,133.156,157.711,10543,14849,1.14225,9,9455,"[(0, 257)]","[(0.0, 190.97579), (191.0, 191.4), (192.0, 192.121)]",None,0.994544,0.0,0.0,0.0,0.94604,0.187279,"96,6461:(359,359)(1766,1766)(1943,1943)(2223,2223)(2308,2310)(2340,2340)(2346,2346)(2485,2485)(2493,2493)(2505,2505)(2510,2510)(2520,2520)(2545,2545)(2554,2554)(2558,2564)(2582,2582)(2588,2593)(2603,2603)(2992,2992)(3020,3020)(3027,3028)(3032,3032)(3533,3533)(3566,3569)(3621,3623)(4030,4031)(4126,4126)(4336,4336)(4339,4344)(4460,4468)(4727,4731)(4745,4745)(4749,4752)(5443,5443)(5499,5499)(5556,5556)(5933,5934)(5937,5939)(6015,6015)(6047,6054)(6075,6075)(6080,6080)(6083,6086)","1123,6461:(105,109)(593,621)(825,846)(942,945)(948,985)(2005,2048)(2213,2215)(2218,2220)(2224,2226)(2349,2366)(2405,2424)(2470,2475)(2565,2575)(2599,2601)(2699,2701)(2704,2711)(2781,2835)(2900,2902)(2919,2923)(3049,3051)(3145,3147)(3160,3171)(3175,3181)(3189,3221)(3224,3230)(3373,3378)(3384,3388)(3392,3420)(3423,3428)(3459,3462)(3468,3498)(3505,3513)(3570,3573)(3580,3582)(3600,3602)(3648,3659)(3703,3731)(3734,3750)(3753,3782)(3850,3881)(3888,3900)(3903,3917)(3920,3935)(3960,3962)(3966,3975)(4016,4028)(4032,4040)(4073,4084)(4220,4223)(4349,4362)(4400,4415)(4419,4421)(4425,4437)(4526,4545)(4548,4557)(4565,4573)(4585,4590)(4707,4725)(4732,4734)(4753,4763)(4766,4775)(5000,5005)(5183,5185)(5195,5202)(5215,5220)(5227,5243)(5286,5314)(5360,5364)(5383,5408)(5444,5466)(5469,5471)(5487,5490)(5503,5511)(5525,5527)(5615,5620)(5769,5777)(5863,5868)(5880,5882)(5885,5896)(5899,5918)(5943,5945)(5948,5950)(5953,5962)(5972,5988)(6025,6037)(6055,6066)(6070,6073)(6089,6096)(6099,6105)(6145,6147)(6150,6162)(6400,6405)(6413,6441)",0,,,1,0.621621621622,0.216216216216,561
548840a5bbc3406297d180c44bf3eb06,3,1,2,COMP102_1x,16,306.55,325.927,123.84,158.511,5253,6919,1.12824,12,4788,[],"[(0.02131, 12.81379), (13.0, 13.241), (13.3, 13.729), (13.729, 13.7387), (13.76912, 13.83)]",None,0.0,0.0,0.0,0.0,0.953078,0.190808,"12,7664:(3263,3263)(3936,3936)(4159,4159)(4740,4740)(4786,4786)(5279,5279)(5546,5546)(6275,6275)(6733,6733)(6875,6875)(7015,7015)(7500,7500)","0,7664:",0,,,0,0.492063492063,0.206349206349,720
998df4d395ff49c3a28f2c412877b31b,2,2,0,COMP102_1x,17,186.15,219.629,107.435,116.619,5857,6918,1.26026,86,5314,"[(0, 185)]","[(0.07096, 1.681), (2.0, 2.41568), (2.41619, 2.43196), (2.433, 2.433), (2.433, 2.43546), (30.0, 30.51365), (30.536, 30.53736), (31.0, 31.13356), (36.0, 36.00125), (36.00832, 36.02635), (36.03, 36.03599), (36.04, 36.041), (104.0, 104.56), (105.0, 105.858), (105.86746, 105.87395), (106.0, 135.958), (135.96136, 136.86), (137.0, 137.61077), (138.0, 138.058), (138.3, 140.781), (141.0, 141.42), (141.42557, 141.42662), (145.0, 145.06427), (145.06667, 145.08069)]",None,0.993822,0.0,0.0,0.0,0.947185,0.201663,"1,4654:(3061,3061)","377,4654:(785,797)(800,810)(868,870)(875,885)(1228,1230)(1233,1235)(1238,1240)(1245,1257)(1810,1816)(1830,1836)(1839,1854)(2013,2031)(2035,2047)(2055,2062)(2175,2180)(2194,2196)(2346,2352)(2355,2358)(2361,2422)(2493,2496)(2499,2569)(2860,2867)(2875,2880)(2912,2919)(2944,2957)(3000,3007)(3082,3085)(3253,3270)(3274,3282)(3385,3390)(3394,3402)",0,,,0,0.0882352941176,0.0882352941176,470
15995d131e824f51829ed8fa7c66f0f3,4,4,2,COMP102_1x,18,379.32,413.88,159.796,203.468,6321,8976,1.11099,8,5658,"[(0, 27), (268, 279)]","[(0.0, 56.84177), (57.0, 57.361), (63.3, 65.641), (66.0, 66.40308), (67.0, 67.881), (67.902, 67.90235), (67.91558, 67.96021), (68.0, 68.60052), (68.60056, 68.619), (69.0, 69.16127), (69.3, 70.87231), (70.87891, 70.88), (70.88, 70.88075), (70.88371, 70.921), (70.92665, 70.94), (71.0, 71.7215), (72.0, 72.53264), (73.0, 73.24046), (75.3, 108.419), (108.52, 108.5216), (108.53, 108.53222), (109.0, 109.15443), (110.0, 110.157), (110.15951, 110.16), (110.16, 110.16), (112.3, 112.44), (113.0, 113.021), (135.3, 135.361), (135.361, 135.36608), (273.0, 273.0815), (273.08385, 273.08401), (273.087, 273.09197), (273.1, 273.11), (273.11221, 273.1904), (273.19307, 273.24816), (274.0, 274.449), (274.45151, 274.48951), (275.0, 275.12436), (275.126, 275.12731), (275.27368, 276.86629), (277.0, 277.289)]",None,0.100179,0.0,0.0,0.0,0.961097,0.144785,"32,9484:(1897,1897)(2235,2235)(2323,2323)(2413,2413)(2641,2641)(3111,3111)(3678,3678)(3730,3730)(4049,4049)(4437,4437)(4668,4668)(4847,4847)(5300,5300)(6143,6143)(6512,6512)(6755,6765)(7230,7230)(7699,7699)(7750,7750)(8014,8014)(8352,8352)(9205,9205)","0,9484:",0,,,1,0.810344827586,0.172413793103,793
f71f49062b4c487e8f018e1ddef86f25,9,9,2,COMP102_1x,19,334.44,363.404,152.445,182.187,5955,7524,1.12439,14,5298,"[(3, 24)]","[(0.02133, 22.69105), (23.0, 23.88), (23.881, 23.88191), (23.899, 23.93802), (24.0, 24.477), (24.48217, 24.682), (24.68415, 24.68833), (24.69, 24.7), (24.8, 24.80059), (25.0, 25.03102), (25.0339, 25.03712)]",None,0.0627915,0.0,0.0,0.0,0.960582,0.164948,"86,8362:(15,15)(343,343)(801,801)(1912,1925)(2059,2059)(3335,3335)(3803,3803)(5058,5058)(5520,5521)(5524,5537)(5540,5540)(5543,5544)(5742,5742)(5779,5779)(5890,5890)(5902,5937)(5940,5942)(6741,6741)(7493,7493)(7766,7766)(8157,8157)","7,8362:(5512,5518)",0,,,1,0.677966101695,0.135593220339,754
a801c259109c4142af52627719d86276,5,4,0,COMP102_1x,20,192.75,216.411,94.5846,105.729,5171,5824,1.1987,15,4600,"[(0, 108), (119, 147), (159, 191)]","[(79.0, 79.926), (80.0, 85.87803), (86.0, 86.19735)]",None,0.871595,0.0,0.0,0.0,0.950183,0.209195,"1,4819:(2633,2633)","0,4819:",0,,,0,0.457142857143,0.0857142857143,432
dc84f1613615468ab4398116e65c44ec,8,8,6,COMP102_1x,21,516.39,575.603,251.968,295.28,5292,7160,1.14746,11,4652,"[(0, 289), (315, 346), (348, 515)]","[(0.0, 270.59596), (270.599, 270.63452), (270.64, 270.66), (270.71251, 270.718), (270.72, 270.72879), (271.0, 271.23582), (271.23651, 271.31512), (272.06, 272.53541), (272.539, 272.54), (272.55008, 272.557), (272.5572, 272.559), (272.74304, 272.74967), (272.76002, 272.76561), (273.0, 273.40304)]",None,0.943086,0.0,0.0,0.0,0.954175,0.172589,"33,12910:(215,215)(412,412)(1502,1502)(1840,1840)(3031,3031)(3035,3036)(3039,3039)(3138,3138)(3787,3787)(4745,4745)(4829,4829)(5013,5013)(5218,5218)(5393,5393)(5782,5782)(5902,5902)(6022,6022)(6301,6301)(6704,6704)(7249,7249)(7872,7872)(8712,8712)(9004,9004)(9214,9214)(10215,10215)(10451,10451)(10627,10627)(10975,10975)(11317,11317)(11980,11980)(12095,12095)(12231,12231)","3,12910:(3040,3042)",0,,,1,0.639534883721,0.209302325581,1168
41be73088c1f4ce9a49d1d6a1023c749,3,2,2,COMP102_1x,22,165.07,186.657,84.6961,94.8199,4686,5370,1.24523,10,4143,"[(0, 22), (56, 164)]","[(135.3, 135.88633), (135.89095, 135.89379), (136.0, 136.92377), (137.0, 137.84642), (138.0, 138.684), (138.72825, 138.738), (138.779, 138.83383), (138.83395, 138.835), (138.84, 138.841), (138.88497, 138.88797), (138.89701, 138.90798), (138.90798, 138.91037), (139.0, 155.698), (155.69979, 155.72407), (164.0, 164.4886)]",None,0.787545,0.0,0.0,0.0,0.95374,0.18287,"6,4128:(1097,1097)(2315,2315)(2503,2503)(3097,3097)(3376,3376)(3584,3584)","0,4128:",0,,,0,0.0294117647059,0.0294117647059,437
132e3541f4b54dcf8393b96a0f5f51f9,9,8,0,COMP102_1x,23,307.08,326.215,119.284,153.277,5150,6612,1.11551,9,4571,"[(121, 135)]","[(0.01367, 15.44), (15.44, 15.4515), (16.001, 16.02253), (16.02802, 16.04416), (127.0, 127.10181), (127.12, 127.1285), (128.0, 128.18281), (129.0, 129.308), (130.0, 130.39896), (131.0, 131.658), (132.0, 132.359), (133.0, 133.00118), (133.00118, 133.01825)]",None,0.0455907,0.0,0.0,0.0,0.950479,0.196404,"423,7678:(1100,1100)(1188,1210)(1213,1221)(1224,1225)(1361,1361)(1535,1535)(1538,1577)(1768,1768)(1774,1774)(1868,1868)(1893,1893)(2101,2101)(2222,2222)(2369,2369)(2497,2497)(2660,2660)(3036,3036)(3326,3326)(3474,3474)(3504,3504)(3508,3551)(3910,3910)(3944,3944)(3972,3972)(3982,4010)(4041,4041)(4090,4090)(4097,4140)(4170,4170)(4634,4675)(4761,4768)(5130,5130)(5307,5345)(5494,5494)(5715,5715)(5722,5765)(5943,5943)(5986,5986)(6003,6003)(6026,6026)(6034,6049)(6080,6080)(6094,6094)(6098,6098)(6290,6290)(6295,6340)(6464,6464)(6829,6829)(7375,7375)(7534,7534)","11,7678:(5303,5305)(5766,5768)(6250,6254)",0,,,0,0.46,0.26,682
9af430c237cc437ab0b79524dbad39b9,4,3,2,COMP102_1x,25,524.75,583.845,226.981,285.361,4572,6573,1.83548,2888,4036,"[(0, 212), (370, 456)]","[(0.0, 203.637), (203.88, 204.976), (205.0, 205.95074), (206.0, 206.48403), (207.0, 207.24), (209.28, 209.37), (209.38, 209.381), (210.0, 210.24875), (214.0, 214.027), (214.04, 214.06568), (413.0, 413.0341), (413.16, 413.23), (415.0, 415.041), (416.26, 416.66653), (416.67265, 416.67549), (416.68, 416.702), (417.0, 417.23753), (417.26861, 417.27846), (417.28415, 417.29553), (418.0, 418.0), (418.0, 418.02323), (418.06, 418.0846), (419.0, 419.10194), (419.4, 419.40099), (419.401, 419.401), (419.40755, 419.41065), (419.41447, 419.441), (420.0, 420.09148), (421.0, 421.101), (421.8, 428.838), (429.0, 429.66105), (429.66262, 429.665), (429.66533, 429.859), (430.0, 430.22483)]",None,0.567889,0.0,0.0,0.0,0.953351,0.169395,"25,13119:(430,430)(2186,2186)(2670,2670)(3331,3331)(3862,3862)(3875,3875)(4000,4000)(4125,4126)(4250,4250)(4375,4375)(5348,5348)(8305,8305)(8308,8308)(9292,9292)(10119,10119)(10201,10201)(10260,10260)(10315,10315)(11005,11005)(11580,11580)(11890,11890)(12550,12550)(12662,12662)(12750,12750)","0,13119:",0,,,0,0.329896907216,0.20618556701,1334
fe871acee94849299e28e763aef8d24e,3,1,0,COMP102_1x,28,200.27,219.573,90.4277,104.835,3159,3672,1.14806,8,2965,"[(64, 73)]",[],None,0.0449393,0.0,0.0,0.0,0.95395,0.183824,"1,5008:(3865,3865)","0,5008:",0,,,1,0.914285714286,0.0857142857143,552
9e3afc26c7a9476689520604916c5f30,5,4,3,COMP102_1x,29,431.15,473.87,189.635,221.277,3048,3628,1.13067,11,2824,"[(3, 14), (181, 213), (240, 246), (247, 261), (301, 387)]",[],None,0.345587,0.0,0.0,0.0,0.955637,0.164727,"200,10779:(2645,2645)(2810,2810)(2955,2955)(3885,3930)(3985,4030)(4043,4075)(4078,4087)(4129,4170)(4173,4173)(4276,4276)(4383,4383)(4719,4719)(5219,5219)(6677,6677)(6932,6932)(7142,7142)(7503,7503)(7852,7852)(8503,8503)(8725,8725)(9170,9170)(9250,9250)(9330,9330)(9579,9579)(9759,9759)(9984,9984)(10260,10260)(10396,10396)","0,10779:",0,,,1,0.78125,0.171875,1115
202b44fa40e54f37a5a21ec9e4ec4c83,3,3,3,COMP102_1x,30,335.48,392.387,299.259,290.319,2865,3465,1.52339,1039,2715,"[(0, 334)]","[(78.46425, 78.48834), (79.0, 79.7696), (80.0, 80.76), (81.0, 82.56735), (83.83625, 83.83848), (83.861, 83.86723), (83.876, 83.90002), (83.91426, 83.918), (84.0, 84.16733), (84.17002, 84.1812), (84.2, 84.2225), (85.0, 85.021), (85.03333, 85.041), (85.09067, 85.091), (85.8, 86.63753), (86.6381, 86.65196), (86.66622, 86.67869), (86.68401, 86.701), (86.70129, 86.71104), (86.86098, 86.86477), (87.0, 87.53408), (87.53939, 87.60125), (87.84145, 87.917), (87.92405, 87.93302), (88.0, 88.11037), (88.124, 88.13376), (162.00673, 162.24832), (162.48172, 162.8), (162.80355, 162.82), (162.92267, 162.94), (163.0, 163.79314), (163.79486, 163.81369), (163.82, 163.83425), (163.83811, 163.92809), (163.94844, 163.94901), (164.0, 214.599), (214.6, 214.728), (214.76, 214.84927), (214.84927, 214.90023), (215.0, 215.0), (215.0, 215.203), (215.216, 215.22482), (215.2315, 215.23662), (215.2515, 215.25773)]",None,0.995588,0.0,0.0,0.0,0.959814,0.153934,"23,8388:(499,499)(640,640)(859,859)(1369,1369)(1535,1535)(1718,1718)(1961,1961)(2569,2569)(2778,2778)(4154,4154)(4455,4455)(4567,4567)(4579,4579)(5166,5166)(5382,5382)(6076,6076)(6586,6586)(7234,7234)(7422,7422)(7669,7669)(7820,7820)(7931,7931)(8173,8173)","0,8388:",0,,,1,0.96,0.04,872
41946e283fe849898a22f922d14a71a8,8,8,4,COMP102_1x,32,364.62,448.522,243.25,264.718,3437,4628,1.27944,9,3142,"[(0, 363)]","[(0.0, 320.74942), (322.056, 322.1625), (322.1625, 322.17), (322.2, 322.20172), (347.82, 347.85398), (347.86921, 347.87), (347.881, 347.882), (347.88378, 347.89172), (347.89364, 347.90113), (348.0, 349.87159), (350.0, 351.73864), (351.74, 351.79111), (351.79539, 351.84263), (351.97633, 352.80034), (352.815, 352.82), (353.0, 353.67002), (353.92, 363.9805), (364.0, 364.01125)]",None,0.995557,0.0,0.0,0.0,0.955648,0.171242,"14,9125:(997,997)(2680,2680)(3371,3371)(3855,3855)(4435,4435)(4580,4580)(5670,5670)(5832,5832)(6484,6484)(6612,6612)(6803,6803)(6915,6915)(7216,7216)(8432,8432)","0,9125:",0,,,1,0.770833333333,0.166666666667,767
67706357ad0149cd971d0a099f3b2d02,5,4,4,COMP102_1x,33,234.03,270.796,130.878,142.935,2711,3210,1.17883,9,2522,"[(0, 233)]","[(1.0, 1.81064), (2.0, 18.73615), (18.74, 18.74198), (19.0, 19.0934), (19.1, 19.101), (19.28, 21.912), (22.0, 22.381), (22.38933, 22.398), (24.0, 24.08691), (24.17002, 24.17066), (28.52, 29.90658), (29.93, 29.9329), (30.0, 30.599), (30.59993, 30.601), (30.61981, 30.6255), (30.62586, 30.68), (99.92, 100.9068), (100.91, 100.915), (101.0, 101.364), (190.52, 190.91182), (191.0, 191.446), (191.46739, 191.50156), (191.52836, 191.531)]",None,0.995599,0.0,0.0,0.0,0.955606,0.162832,"15,5853:(243,243)(395,395)(711,711)(1534,1534)(1781,1781)(2075,2075)(3065,3065)(3310,3310)(3695,3695)(3885,3885)(4076,4076)(4328,4328)(4769,4769)(4993,4993)(5410,5410)","0,5853:",0,,,1,0.722222222222,0.111111111111,556
701f744729bb486a911ed495843caed6,8,6,5,COMP102_1x,34,333.42,356.28,132.676,166.968,2494,3123,1.09761,6,2172,"[(159, 163), (209, 219), (234, 262)]","[(0.1176, 3.36), (243.24, 245.82551), (246.0, 246.10949), (251.78, 253.73774), (254.0, 254.141)]",None,0.125967,0.0,0.0,0.0,0.951602,0.162084,"24,8336:(28,28)(1117,1117)(1321,1321)(1510,1510)(1822,1822)(1951,1951)(2185,2185)(2762,2762)(3119,3119)(3175,3175)(3457,3457)(3507,3507)(3740,3740)(4176,4176)(4847,4847)(5083,5083)(5246,5246)(6479,6479)(7111,7111)(7175,7175)(7423,7423)(7563,7564)(7957,7957)","193,8336:(3120,3138)(3928,3941)(3964,3969)(3972,3975)(5647,5650)(5676,5680)(5705,5712)(5715,5719)(5773,5786)(5811,5828)(5960,5975)(6025,6030)(6033,6039)(6930,6932)(6950,6966)(7032,7037)(7040,7047)(7112,7119)(7386,7388)(7400,7421)",0,,,1,0.795454545455,0.136363636364,665
2f1a5bc4d3df4117b23ebf84ea0a1463,5,5,5,COMP102_1x,35,560.62,624.533,266.521,321.688,2748,3827,1.12403,78,2451,"[(8, 14), (55, 448), (479, 487)]","[(0.0, 229.88382), (230.0, 232.63472), (233.0, 233.158), (234.0, 234.38), (235.0, 235.021), (235.06538, 235.16971), (236.0, 236.03153), (236.72, 237.97517), (238.0, 238.34432), (238.36, 238.361), (239.0, 239.36678), (253.0, 253.17487), (253.40295, 253.40729), (254.0, 254.39782), (255.45138, 255.46624), (255.4678, 255.46781), (256.0, 256.101), (256.10125, 256.138), (256.14254, 256.14852), (259.228, 259.338), (259.34, 259.3502), (259.36079, 259.3937), (259.41334, 259.441), (259.44669, 259.46), (259.46, 259.461), (259.56796, 261.38768), (262.0, 262.57748), (262.59042, 262.602), (263.0, 263.007), (263.12, 263.17772), (266.828, 269.77206), (269.82939, 269.841), (269.86887, 269.88054), (269.91429, 269.93197), (269.94222, 269.949), (270.0, 270.72193), (271.0, 271.001), (271.12, 271.13896), (271.1579, 271.68444), (271.85266, 271.9), (271.92, 271.927), (271.96, 271.961), (271.97365, 271.978), (272.0, 272.8551), (272.87503, 272.88497), (273.0, 273.897), (273.90115, 273.939), (273.96, 274.329), (274.448, 274.68177), (274.69, 274.95588), (274.96, 274.961), (275.0, 275.81112), (275.82498, 275.83747), (276.0, 276.38885), (276.40107, 276.42), (276.868, 309.82181), (310.0, 310.48409), (312.5, 312.6491), (313.0, 313.02342), (340.8, 341.88361), (342.0, 342.92082), (342.94, 342.97075), (343.0, 343.89086), (343.89995, 343.90571), (343.92204, 344.59953), (345.0, 345.64638), (346.0, 346.35005), (346.36, 346.601), (346.601, 346.6215), (347.0, 348.96884), (349.0, 350.84391), (351.0, 419.46805)]",None,0.725982,0.0,0.0,0.0,0.955237,0.172461,"41,14017:(665,665)(680,680)(790,790)(1063,1063)(1427,1427)(1597,1597)(1695,1695)(1767,1767)(3651,3651)(4356,4356)(5222,5222)(5547,5547)(5750,5750)(6105,6105)(6319,6319)(6535,6535)(6775,6775)(6921,6921)(7071,7071)(7265,7265)(7681,7681)(8781,8781)(8867,8867)(9061,9061)(9632,9632)(10071,10071)(10190,10190)(10214,10214)(10230,10230)(10254,10254)(10262,10262)(11107,11107)(11404,11404)(11588,11588)(11905,11905)(11994,11994)(12265,12265)(12421,12421)(13375,13375)(13575,13575)(13673,13673)","0,14017:",0,,,0,0.375,0.340909090909,1427
091b445f2f9a4ae0aa6da7638eaeb667,4,4,3,COMP102_1x,37,297.17,395.043,282.593,278.676,2794,3565,1.30785,19,2485,"[(0, 296)]","[(0.0, 296.7524)]",None,0.996063,0.0,0.0,0.0,0.95395,0.16474,"8,7431:(3218,3218)(3645,3645)(4538,4538)(5144,5144)(6279,6279)(6700,6700)(6965,6965)(7240,7240)","166,7431:(2617,2640)(3007,3033)(3759,3761)(3764,3777)(3790,3794)(3797,3816)(4037,4050)(4055,4068)(4075,4087)(4104,4106)(4109,4117)(5655,5674)",0,,,1,0.790697674419,0.162790697674,686
646e9e18024347b98cf1c5b104eed750,3,3,0,COMP102_1x,39,429.34,466.306,178.555,219.939,2043,2525,1.09519,7,1849,"[(0, 58), (80, 86), (87, 183), (238, 372)]","[(0.01, 29.52209), (29.6, 29.60088), (30.0, 30.29675), (256.3, 256.54), (256.57841, 256.70082), (256.70415, 256.73844), (256.76086, 256.76483), (256.776, 256.77647), (256.89, 256.899), (257.0, 258.98669), (259.0, 259.74721), (259.76, 259.781), (260.0, 260.06367), (260.10685, 260.11181), (260.125, 260.18), (260.20376, 260.62), (261.0, 263.80068), (264.0, 289.85234), (289.854, 289.87), (290.0, 290.279), (290.62, 290.936), (291.0, 291.74172), (291.76786, 291.776), (291.78786, 291.8543), (292.0, 293.48052), (293.481, 293.482), (294.0, 294.01635), (294.05002, 294.276), (294.2781, 294.29251), (294.29718, 294.301), (294.32, 294.33993), (294.356, 294.36317), (296.0, 296.17066), (296.20954, 296.218), (296.22114, 296.22141), (296.24218, 296.44562), (296.44914, 296.46157), (296.49456, 296.5), (297.0, 297.26186), (340.02, 360.74), (361.0, 361.12)]",None,0.684772,0.0,0.0,0.0,0.957071,0.163399,"762,10734:(1514,1514)(1667,1667)(3843,3843)(3867,3867)(3908,3908)(6232,6232)(6298,6300)(6303,6303)(6476,6476)(6480,6480)(6485,6485)(6501,6501)(6510,6510)(6613,6613)(6626,6626)(6630,6630)(6636,6637)(6644,6644)(6983,6985)(7023,7023)(7027,7029)(7032,7032)(7085,7085)(7153,7153)(7163,7163)(7223,7223)(7230,7232)(7237,7239)(7242,7242)(7265,7265)(7269,7269)(7285,7285)(7297,7298)(7301,7301)(7305,7305)(7418,7421)(7424,7425)(7428,7431)(7435,7435)(7439,7447)(7470,7470)(7578,7580)(7585,7586)(7590,7594)(7599,7600)(7605,7607)(7610,7610)(7620,7620)(7800,7800)(7815,7816)(7820,7821)(7824,7827)(7830,7830)(7834,7834)(7838,7840)(7848,7848)(8040,8040)(8200,8200)(8297,8297)(8355,8355)(8360,8360)(8376,8376)(8384,8384)(8487,8495)(8628,8628)(8632,8632)(8694,8694)(8716,8716)(8809,8809)(8816,8817)(8855,8855)(8861,8861)(8864,8867)(8871,8871)(8880,8880)(8887,8887)(8934,8934)(8962,8965)(9165,9165)(9175,9175)(9180,9180)(9200,9200)(9215,9215)(9265,9265)(9278,9330)(9334,9336)(9340,9355)(9360,9360)(9363,9365)(9375,9375)(9380,9380)(9395,9395)(9399,9430)(9434,9440)(9445,9451)(9455,9455)(9458,9460)(9465,9465)(9470,9470)(9495,9495)(9528,9528)(9535,9535)(9560,9560)(9604,9604)(9615,9620)(9625,9625)(9635,9635)(9660,9660)(9690,9690)(9695,9695)(9710,9710)(9720,9720)(9740,9740)(9745,9745)(9760,9760)(9765,9765)(9795,9795)(9820,9820)(9830,9830)(9846,9846)(9860,9860)(9898,9898)(9930,9930)(9938,9942)(9945,9947)(9950,9955)(9960,9965)(9970,9970)(9975,9975)(9980,9980)(9990,9990)(9995,9995)(9998,9998)(10010,10031)(10035,10035)(10038,10040)(10055,10057)(10060,10060)(10065,10065)(10075,10075)(10087,10141)(10144,10181)(10184,10206)(10209,10212)(10215,10225)(10228,10315)(10318,10375)(10378,10397)(10400,10401)(10404,10415)(10423,10425)(10435,10435)(10440,10440)(10445,10476)(10480,10489)(10495,10495)(10505,10510)(10540,10542)(10545,10545)(10550,10555)(10560,10560)(10570,10570)(10585,10585)(10613,10613)(10653,10660)(10671,10671)(10710,10710)(10715,10720)(10725,10730)","1203,10734:(6233,6237)(6280,6285)(6288,6296)(6421,6424)(6431,6445)(6456,6465)(6506,6508)(6511,6527)(6530,6535)(6543,6545)(6603,6611)(6618,6624)(6631,6634)(6638,6642)(6645,6650)(6718,6721)(6724,6736)(6739,6753)(6773,6776)(6779,6785)(6821,6841)(6901,6906)(6909,6940)(6944,6961)(6964,6971)(6986,7001)(7004,7015)(7018,7020)(7033,7041)(7047,7049)(7056,7060)(7105,7116)(7120,7127)(7130,7150)(7155,7161)(7164,7175)(7195,7200)(7203,7216)(7224,7228)(7233,7235)(7243,7256)(7274,7281)(7290,7295)(7320,7325)(7345,7362)(7365,7370)(7373,7381)(7384,7396)(7413,7416)(7448,7467)(7515,7517)(7550,7576)(7581,7583)(7595,7597)(7601,7603)(7611,7618)(7621,7631)(7655,7663)(7760,7762)(7771,7796)(7809,7813)(7841,7846)(8018,8021)(8024,8038)(8138,8143)(8150,8172)(8175,8196)(8205,8211)(8268,8272)(8283,8295)(8326,8328)(8334,8353)(8356,8358)(8361,8368)(8529,8555)(8703,8714)(8821,8825)(8902,8912)(8915,8917)(8920,8922)(8926,8929)(8945,8947)(8977,8985)(8998,9005)(9157,9160)(9176,9178)(9181,9191)(9195,9198)(9201,9204)(9210,9212)(9216,9218)(9221,9242)(9250,9260)(9270,9276)(9356,9358)(9370,9373)(9376,9378)(9381,9393)(9441,9443)(9461,9463)(9466,9468)(9472,9477)(9490,9493)(9496,9500)(9537,9540)(9570,9573)(9593,9595)(9600,9602)(9610,9612)(9621,9623)(9626,9633)(9637,9645)(9655,9658)(9661,9664)(9700,9702)(9705,9708)(9711,9713)(9716,9718)(9724,9727)(9730,9738)(9750,9755)(9778,9785)(9805,9807)(9823,9828)(9832,9844)(9847,9850)(9861,9882)(9905,9920)(9926,9928)(9933,9935)(9956,9958)(9966,9968)(9971,9973)(9976,9978)(9981,9985)(9991,9993)(10005,10008)(10061,10063)(10078,10080)(10416,10421)(10499,10503)(10511,10515)(10520,10525)(10535,10537)(10546,10548)(10556,10558)(10561,10567)(10573,10575)(10578,10580)(10587,10590)(10615,10623)(10626,10632)(10640,10650)(10663,10667)(10674,10680)(10690,10693)(10699,10701)(10705,10708)(10721,10723)",0,,,1,0.83606557377,0.114754098361,1047
0f144113a1dc49d39fe5abc161401b72,5,5,5,COMP102_1x,40,464.98,519.668,232.497,274.353,2079,2894,1.12389,7,1913,"[(0, 398), (407, 412), (426, 455)]","[(0.0, 225.478), (226.0, 270.89067), (271.0, 277.12143), (277.23729, 277.299), (277.36, 277.36), (279.0, 279.001), (279.04, 279.072), (279.07333, 279.114), (279.1424, 279.1477), (279.16009, 279.37802)]",None,0.929072,0.0,0.0,0.0,0.955099,0.159901,"15,11625:(720,720)(884,884)(1892,1892)(2320,2320)(2711,2711)(4365,4365)(5281,5281)(6134,6134)(6431,6431)(6585,6585)(7060,7060)(8416,8416)(8940,8940)(9197,9197)(11090,11090)","0,11625:",0,,,1,0.970588235294,0.0294117647059,1170
387879d5980f48078bd5d731652fe342,10,6,4,COMP102_1x,43,359.75,397.032,173.572,194.982,1697,2054,1.13734,9,1580,"[(132, 232), (236, 321)]","[(147.0, 147.22729), (147.231, 147.24548), (147.96, 152.63791), (153.0, 153.03388), (155.0, 155.195), (156.0, 156.02125), (156.02126, 156.042), (156.06002, 156.079), (156.14272, 156.17)]",None,0.514246,0.0,0.0,0.0,0.957095,0.160788,"20,8995:(836,836)(1890,1890)(3703,3703)(4021,4021)(4587,4587)(4846,4846)(5081,5081)(5242,5242)(5410,5410)(5520,5520)(5686,5686)(5919,5919)(6111,6111)(6863,6863)(7517,7517)(7533,7533)(7537,7537)(8305,8305)(8483,8483)(8559,8559)","0,8995:",0,,,1,0.507042253521,0.169014084507,957
35ce36436c2b4b5abb4b9b94277f529f,11,11,2,COMP102_1x,45,457.97,537.195,253.475,283.429,1634,2035,1.24186,8,1505,"[(1, 456)]","[(3.0, 3.112), (3.12, 3.128), (3.12882, 3.161), (4.0, 4.34), (4.54, 6.88), (7.0, 16.97517), (17.0, 17.68829), (18.0, 18.2367), (20.0, 20.39302), (64.56, 237.91782), (237.94, 238.52189), (238.87429, 238.916), (238.916, 238.93419), (239.0, 239.191), (239.4725, 239.53673), (240.0, 240.30132), (241.74, 242.73075), (242.761, 242.767), (243.0, 243.08075), (243.10283, 243.2398), (243.24, 243.28484), (244.0, 244.099), (244.11186, 244.124), (244.26, 244.29693), (245.024, 245.08656)]",None,0.993515,0.0,0.0,0.0,0.957092,0.165468,"166,11450:(1602,1602)(1910,1910)(2045,2045)(2070,2070)(2142,2142)(3511,3511)(3740,3740)(4117,4117)(5784,5784)(5805,5807)(7492,7492)(7750,7750)(8446,8446)(8470,8515)(8540,8585)(8634,8634)(8638,8638)(8641,8683)(8825,8825)(8908,8908)(9322,9322)(9708,9708)(10205,10205)(10707,10707)(10765,10765)(10783,10783)(10838,10838)(10870,10870)(11065,11065)(11075,11075)(11205,11205)(11354,11354)","161,11450:(1793,1798)(1803,1826)(1911,1935)(1946,1977)(2053,2056)(2059,2061)(2071,2075)(3082,3085)(3099,3101)(3154,3163)(3169,3174)(3178,3180)(3578,3580)(3585,3597)(3600,3605)(3725,3727)(3730,3732)(3741,3748)",0,,,1,0.754901960784,0.186274509804,1068
a763a82fe11048cd8d4b9cbe441fd891,9,9,0,COMP102_1x,47,264.1,283.482,113.22,134.47,1336,1584,1.20447,6,1208,"[(153, 160), (246, 263)]",[],None,0.0908747,0.0,0.0,0.0,0.957511,0.163724,"145,6604:(360,360)(855,855)(1206,1206)(1575,1575)(1831,1831)(1835,1870)(1875,1913)(1919,1958)(2036,2036)(2087,2087)(2220,2220)(2402,2402)(2819,2819)(2871,2871)(2993,2993)(3046,3046)(3395,3395)(3419,3419)(3634,3634)(4510,4510)(4879,4879)(4990,4990)(5058,5058)(5319,5319)(5533,5533)(5560,5560)(5733,5733)(5755,5755)(5870,5870)(5939,5939)(6231,6231)(6430,6430)(6574,6574)","0,6604:",0,,,1,0.808510638298,0.170212765957,593
48f450f9c4294c64a5fa84ae46464968,9,9,4,COMP102_1x,48,319.41,350.009,149.063,166.399,1349,1604,1.11136,7,1329,"[(0, 88), (167, 229), (298, 318)]",[],None,0.532231,0.0,0.0,0.0,0.958226,0.147651,"138,7986:(575,575)(654,654)(845,845)(1057,1057)(1175,1175)(1494,1494)(1597,1597)(1960,1960)(2510,2524)(2607,2607)(2726,2726)(2729,2738)(3100,3122)(3199,3200)(3203,3207)(3210,3216)(3428,3428)(3705,3716)(3728,3728)(3733,3733)(3737,3752)(3847,3859)(3950,3950)(4046,4046)(4328,4328)(4349,4349)(5146,5146)(6109,6109)(6970,6970)(7354,7354)(7394,7395)(7500,7500)(7519,7520)(7625,7625)(7644,7645)(7750,7750)(7769,7770)(7875,7875)(7894,7895)","15,7986:(3357,3359)(3375,3379)(3391,3394)(3482,3484)",0,,,0,0.28125,0.171875,728
fd285252ade84584b9928947cacced7d,12,10,0,COMP102_1x,49,364.0,394.436,155.356,187.434,1450,1912,1.03797,5,1396,"[(62, 68), (103, 113), (163, 224), (277, 286), (321, 353)]","[(0.482, 0.5625), (204.0, 204.02327), (206.0, 206.03915), (207.0, 207.353), (207.3969, 207.50394), (208.0, 218.441), (218.44627, 218.458)]",None,0.324176,0.0,0.0,0.0,0.960677,0.159166,"16,9079:(12,12)(875,875)(1010,1010)(1817,1817)(3585,3585)(4091,4091)(4245,4245)(4967,4967)(5734,5734)(6007,6007)(6541,6541)(6761,6761)(6807,6807)(6869,6869)(6877,6877)(6977,6977)","0,9079:",0,,,0,0.0,0.0,883
0dcc5dfa4708447aab039813d0512d52,7,5,4,COMP102_1x,50,343.42,355.774,120.483,163.554,1453,1950,1.12642,7,1234,"[(333, 342)]","[(0.0, 11.8853), (12.0, 14.69951), (15.0, 15.1689), (16.04, 17.8925), (18.0, 18.0), (18.0, 18.12952), (18.14587, 18.16), (18.16, 18.24462), (18.37523, 18.74117), (18.74277, 18.9525), (19.0, 20.639), (20.74703, 27.69735), (28.0, 28.26924), (28.28, 28.31487), (30.02, 31.85601), (32.0, 32.441), (32.56, 32.64), (32.68, 32.68158), (32.68158, 32.6895), (33.0, 33.32893), (33.52018, 33.52133), (36.26, 36.3311), (36.397, 36.42661), (56.0, 56.03351), (56.0545, 56.1), (99.0, 99.40386), (119.26, 119.268), (120.0, 120.02367), (120.08867, 120.158), (124.6, 124.677), (125.0, 125.3), (125.44, 125.47606), (125.49811, 125.53098), (125.58, 125.58646), (125.65581, 125.66), (125.74726, 125.8165), (125.82, 125.83295), (331.0, 331.0225), (331.04, 331.16579), (333.6, 333.6), (333.6, 335.80621), (335.84, 335.862), (336.0, 342.56399)]",None,0.026207,0.0,0.0,0.0,0.952631,0.175659,"14,8586:(436,436)(756,756)(911,911)(1097,1097)(1805,1805)(2267,2267)(2749,2749)(3335,3335)(3534,3534)(3980,3980)(4235,4235)(4515,4515)(6682,6682)(7430,7430)","0,8586:",0,,,0,0.296296296296,0.259259259259,793
ec25d658a1ae4ddab50ac1418073069c,6,6,3,COMP102_1x,51,279.55,293.756,113.563,142.011,1364,1816,1.09693,6,1207,"[(130, 138)]","[(0.0151, 0.017), (0.01727, 4.99237), (5.0, 5.3646), (5.421, 5.42761), (5.442, 5.465), (5.62, 5.677), (133.0, 133.657), (133.913, 133.915), (134.0, 136.70658), (136.709, 136.70994), (137.0, 137.47633), (138.0, 138.25906)]",None,0.0286174,0.0,0.0,0.0,0.948154,0.178326,"4,6990:(2162,2162)(2769,2769)(5307,5307)(5806,5806)","0,6990:",0,,,0,0.474358974359,0.384615384615,730
e91a71a520844942a76276b4ed0b556b,7,7,7,COMP102_1x,52,265.24,288.715,136.944,154.892,1259,1548,1.17077,7,1136,"[(40, 47), (78, 92), (108, 112), (118, 123), (124, 128), (131, 137), (143, 264)]","[(1.08, 1.09365), (1.112, 1.11465)]",None,0.606997,0.0,0.0,0.0,0.958757,0.166421,"15,6633:(500,500)(1341,1341)(2417,2417)(3110,3110)(4142,4142)(4554,4554)(4863,4863)(5034,5034)(5847,5847)(5954,5954)(6261,6261)(6454,6455)(6487,6487)(6612,6612)","0,6633:",0,,,0,0.357142857143,0.185714285714,678
dfe488d381a542dfa8557bd069421e4a,8,7,3,COMP102_1x,53,293.45,323.02,162.68,174.885,1489,1866,1.12575,15,1328,"[(0, 67), (70, 292)]","[(0.019, 5.83603), (6.0, 6.41876), (6.41876, 6.42), (6.44002, 6.63604), (7.22, 7.22), (7.22, 7.9225), (7.945, 9.42), (10.0, 10.03524), (10.038, 10.28054), (29.0, 29.21988), (30.0, 30.099), (30.16, 30.16714), (56.0, 56.167), (57.0, 57.11743), (58.0, 58.19125), (60.79563, 60.821), (61.0, 61.562), (61.62477, 61.63569), (61.66981, 61.80054), (62.0, 62.17375), (124.44, 124.608), (125.0, 125.26026), (134.0, 134.09769), (134.1, 134.22948), (135.0, 135.02384), (135.06073, 135.06871), (135.32, 135.32494), (136.0, 136.118), (136.18059, 136.18381), (136.3677, 136.36844), (137.0, 137.4425), (137.46861, 137.47817), (138.0, 138.11284), (139.1, 141.34653), (142.08, 143.77813), (143.80002, 143.82873), (144.0, 163.48), (163.535, 163.581), (163.74, 169.881), (170.0, 173.9015), (174.0, 174.8), (174.92, 174.941), (175.0, 175.74201), (176.0, 176.62201), (176.68, 176.90249), (176.913, 176.92023), (177.0, 177.47623), (177.52, 177.6), (177.60125, 177.6345), (178.0, 178.53021), (178.57306, 178.598), (179.0, 187.701), (187.79098, 187.79374), (188.0, 188.60921)]",None,0.984836,0.0,0.0,0.0,0.950892,0.183673,"22,7337:(369,369)(866,866)(1115,1115)(1305,1305)(1395,1395)(2065,2065)(3555,3555)(3910,3910)(4095,4095)(4437,4437)(4910,4910)(4982,4982)(5131,5131)(5210,5210)(5257,5257)(5297,5297)(5331,5331)(5357,5357)(5689,5689)(6275,6275)(6502,6502)(7021,7021)","0,7337:",0,,,0,0.311475409836,0.213114754098,745
53c9cefc0b3a431aad137e38ea166eda,5,3,0,COMP102_1x,56,173.71,181.441,69.5519,84.442,1130,1368,1.11283,5,1037,[],[],None,0.0,0.0,0.0,0.0,0.952854,0.174442,"20,4344:(14,14)(182,182)(450,450)(483,483)(651,651)(834,834)(1026,1026)(1741,1741)(1969,1969)(2244,2244)(2472,2472)(2610,2610)(2880,2880)(3131,3131)(3182,3182)(3496,3496)(3570,3570)(3882,3882)(4008,4008)(4192,4192)","0,4344:",0,,,0,0.487179487179,0.205128205128,502
d48dbda9e97843108322c3305bc1c36e,4,4,2,COMP102_1x,57,443.01,478.321,180.432,233.731,1042,1423,1.07872,7,940,"[(4, 24), (165, 231), (234, 239), (240, 310), (312, 422)]","[(0.0, 68.612), (69.0, 69.33476), (100.0, 100.518), (100.5341, 100.555), (101.0, 101.121), (179.04, 181.681), (182.0, 182.33307), (183.0, 183.2082), (183.34, 186.92233), (186.96152, 186.99925), (187.0, 187.73492), (187.74, 187.861), (188.0, 188.693), (188.70628, 188.73684), (189.0, 190.86), (191.0, 191.577), (192.0, 192.53417), (192.54, 192.54537), (192.64579, 192.66), (192.88, 192.96887), (193.0, 193.58073), (193.63236, 193.63492), (194.0, 194.20141), (194.22331, 194.24875), (194.2492, 194.28064), (195.0, 195.21998), (195.25079, 195.27329), (195.74, 197.81063), (197.819, 197.821), (197.86726, 197.87735), (197.882, 197.901), (198.0, 199.90605), (200.0, 200.80184), (200.85378, 200.881), (200.92, 200.93508), (200.97576, 200.978), (201.0, 201.56882), (201.64, 205.44), (205.46, 206.86667), (207.0, 207.0), (207.0, 207.27599), (207.41809, 207.46), (210.44, 210.57347), (210.575, 210.76), (210.76468, 210.80373), (210.88, 210.96313), (211.0, 211.901), (211.92, 211.962), (212.0, 212.201), (213.0, 213.03396), (215.1054, 215.11909), (215.14725, 215.16)]",None,0.611724,0.0,0.0,0.0,0.951464,0.174825,"33,11077:(220,220)(540,540)(1636,1636)(2147,2147)(2464,2464)(3202,3202)(3570,3570)(3847,3847)(3875,3875)(4019,4019)(4125,4125)(4250,4250)(4260,4260)(4375,4375)(4425,4425)(4895,4895)(5605,5605)(5755,5755)(6521,6521)(7312,7312)(7787,7787)(8160,8160)(8688,8688)(8986,8986)(9199,9199)(9281,9281)(9305,9305)(9350,9350)(9412,9412)(9830,9830)(9978,9978)(10151,10151)(10745,10745)","0,11077:",0,,,1,0.646341463415,0.170731707317,1125
98de8eb47db64553a3ed913ff2dc31be,1,1,1,COMP102_1x,58,129.78,147.913,67.0335,76.4443,1281,1659,1.10591,10,1218,"[(0, 119)]","[(0.0803, 0.08079), (0.08206, 65.761), (65.82, 68.681), (68.70098, 68.8959), (68.92381, 69.26826)]",None,0.916936,0.0,0.0,0.0,0.949851,0.181818,"16,3245:(160,160)(543,543)(1321,1321)(1670,1670)(1750,1750)(1875,1875)(2000,2000)(2125,2125)(2250,2250)(2375,2375)(2500,2500)(2625,2625)(2750,2750)(2875,2875)(3000,3000)(3125,3125)","0,3245:",0,,,1,0.583333333333,0.291666666667,333
3aa0351939404d60aac56efd34daa0a5,5,3,2,COMP102_1x,60,439.81,440.471,127.786,188.121,970,1386,1.01734,18,865,[],"[(0.0, 100.88932), (101.0, 101.26813), (101.26813, 101.29087), (101.29995, 101.92857), (102.0, 102.156), (102.315, 102.316), (104.0, 104.15111), (105.74, 106.1), (107.0, 107.32338), (204.08223, 204.19462), (204.27269, 204.28342), (207.0, 207.00023), (207.01476, 207.0168), (207.04008, 207.21591), (208.0, 208.021), (209.52, 211.232)]",None,0.0,0.0,0.0,0.0,0.957208,0.179982,"60,10997:(1075,1075)(1455,1455)(1951,1951)(2000,2001)(2125,2126)(2150,2150)(2250,2251)(2375,2376)(2500,2501)(2625,2626)(2654,2654)(2750,2751)(2875,2876)(3000,3001)(3125,3126)(3245,3245)(3250,3251)(3375,3376)(3500,3501)(3623,3626)(3750,3751)(3875,3876)(3909,3910)(4000,4001)(4125,4126)(4250,4251)(4348,4348)(4375,4376)(4500,4501)(4625,4626)(5065,5065)(6195,6195)(6569,6569)(7275,7275)(8032,8032)","0,10997:",0,,,1,0.708333333333,0.152777777778,1051
9be6136b9b434652b7d7234f03c81c0f,9,9,0,COMP102_1x,61,317.3,326.781,121.588,160.362,1090,1533,1.077,5,948,[],"[(0.0, 18.31132), (18.41267, 18.502), (19.0, 19.075), (19.3, 33.66), (34.0, 35.801), (36.08, 36.161), (36.2, 36.259), (37.32, 37.32), (37.32, 37.88976), (38.0, 38.42487)]",None,0.0,0.0,0.0,0.0,0.955869,0.154806,"22,7934:(527,527)(938,938)(1310,1310)(1490,1490)(1739,1739)(1868,1868)(2308,2308)(4273,4273)(4786,4786)(4811,4811)(4975,4975)(5418,5418)(5669,5669)(5815,5815)(5935,5935)(6085,6085)(6183,6183)(6369,6369)(6483,6483)(6699,6699)(6825,6825)(7134,7134)","3,7934:(939,941)",0,,,0,0.316666666667,0.133333333333,813
dfb552577a61440fb322909825f8522b,3,2,1,COMP102_1x,62,127.34,129.732,39.6221,50.9034,1001,1200,1.03612,5,969,[],[],None,0.0,0.0,0.0,0.0,0.955253,0.14658,"4,3184:(1372,1372)(1594,1594)(1729,1729)(2262,2262)","0,3184:",0,,,1,0.608695652174,0.304347826087,305
